,Account Number,Rep,Td Cash Balance, Shares ,Amount,Email Address
0,AC9900327,99,"$1,144,160.78 ","286,000","1,144,000.00",luminarymarketsolutions@gmail.com
1,AC9900050,99,"$872,756.77 ","218,100","872,400.00",1434671183@qq.com
2,AC9900128,99,"$703,761.29 ","175,900","703,600.00",zlqzlq0821@126.com
3,AC9900145,99,"$667,797.74 ","166,900","667,600.00",lbingchen20220@163.com
4,AC9900131,99,"$604,114.21 ","151,000","604,000.00",lirenliu870904@163.com
5,AC9900134,99,"$563,625.16 ","140,900","563,600.00",congyan202012@163.com
6,AC9900134,99,"$563,625.16 ","140,900","563,600.00",zlqzlq0821@126.com
7,AC9900072,99,"$559,460.39 ","139,800","559,200.00",qyg8866@163.com
8,AC9900064,99,"$556,949.36 ","139,200","556,800.00",yt66963@126.com
9,AC9900043,99,"$530,154.31 ","132,500","530,000.00",zhouds6633@163.com
10,AC9900373,99,"$522,228.26 ","130,500","522,000.00",Niyiru@gmail.com
11,AC9900099,99,"$434,880.21 ","108,700","434,800.00",zhangjuguang5@gmail.com
12,AC9900253,99,"$428,667.14 ","107,100","428,400.00",cooper9513@163.com
13,AC9900358,99,"$425,931.06 ","106,400","425,600.00",choonhann76@gmail.com
14,AC9900086,99,"$423,749.76 ","105,900","423,600.00",yonglin0013@163.com
15,AC9900086,99,"$423,749.76 ","105,900","423,600.00",18501936657@163.com
16,AC9900130,99,"$402,513.56 ","100,600","402,400.00",valeriadeja88@gmail.com
17,AC9900347,99,"$334,834.14 ","83,700","334,800.00",261939297@qq.com
18,AC9900346,99,"$280,768.06 ","70,100","280,400.00",369019266@qq.com
19,AC9900348,99,"$235,244.90 ","58,800","235,200.00",346004749@qq.com
20,AC9900345,99,"$234,940.42 ","58,700","234,800.00",13771572563@139.com
21,AC9900295,99,"$221,751.20 ","55,400","221,600.00",aalyll@163.com
22,AC9900217,99,"$218,957.39 ","54,700","218,800.00",jingjing0731@foxmail.com
23,AC9900132,99,"$206,968.87 ","51,700","206,800.00",rowecapital@163.com
24,AC9900174,99,"$188,173.36 ","47,000","188,000.00",zywj1805@163.com
25,AC9900328,99,"$177,925.22 ","44,400","177,600.00",starrystep.cs@gmail.com
26,AC9900350,99,"$176,346.04 ","44,000","176,000.00",591392594@qq.com
27,AC9900171,99,"$159,453.48 ","39,800","159,200.00",zilongzhao1990@163.com
28,AC9900304,99,"$153,592.46 ","38,300","153,200.00",jasonljh2@hotmail.com
29,AC9900272,99,"$136,876.56 ","34,200","136,800.00",jing188jing2@hotmail.com
30,AC9900100,99,"$127,192.35 ","31,700","126,800.00",chenhy1122@163.com
31,AC9900320,99,"$124,902.71 ","31,200","124,800.00",jingmei180@hotmail.com
32,AC9900320,99,"$124,902.71 ","31,200","124,800.00",Steven.cheng@fastrich-int.com
33,AC9900335,99,"$117,099.12 ","29,200","116,800.00",biz.anthonylee@gmail.com
34,AC9900284,99,"$103,340.24 ","25,800","103,200.00",mindyhu1992@outlook.com
35,AC9900004,99,"$98,442.53 ","24,600","98,400.00",zhaoli920101@163.com
36,AC9900349,99,"$84,370.47 ","21,000","84,000.00",michaelchen8023@sina.com
37,AC9900333,99,"$52,892.91 ","13,200","52,800.00",greet.hargl@gmail.com
38,AC9900363,99,"$50,078.71 ","12,500","50,000.00",pesha2299@gmail.com
39,AC9900313,99,"$41,528.29 ","10,300","41,200.00",leeheiyu7@gmail.com
40,AC9900332,99,"$33,868.64 ","8,400","33,600.00",statewisdom22@gmail.com
41,AC9900274,99,"$21,030.57 ","5,200","20,800.00",keen.sky.global@gmail.com
42,AC9900220,99,"$16,946.86 ","4,200","16,800.00",chaukiu83@gmail.com
43,AC9900364,99,"$15,858.55 ","3,900","15,600.00",brendanliang8@gmail.com
44,AC9900393,99,"$15,431.49 ","3,800","15,200.00",yanwangne0806@163.com
45,AC9900315,99,"$11,524.32 ","2,800","11,200.00",rolfe.phoenix@gmail.com
46,AC9900397,99,"$10,974.37 ","2,700","10,800.00",mchenglaw@yahoo.com
47,AC9900053,99,"$10,542.53 ","2,600","10,400.00",Melodytao117@gmail.com
48,AC9900244,99,"$9,098.54 ","2,200","8,800.00",esomchotdog@163.com
49,AC9900223,99,"$9,003.55 ","2,200","8,800.00",MARKWONG8118@GMAIL.COM
50,AC9900209,99,"$8,475.87 ","2,100","8,400.00",kcyung0883@outlook.com
51,AC9900319,99,"$8,233.58 ","2,000","8,000.00",chikan_wyk@yahoo.com.hk
52,AC9900212,99,"$8,007.49 ","2,000","8,000.00",sharpfield1@gmail.com
53,AC9900309,99,"$4,493.78 ","1,100","4,400.00",cs@solowinholdings.com
54,AC9900376,99,"$3,928.06 ",900,"3,600.00",469991010@qq.com
55,AC9900062,99,"$3,807.78 ",900,"3,600.00",sizhengwei@yahoo.com
56,AC9900310,99,"$3,525.97 ",800,"3,200.00",stephenlam1519@outlook.com
57,AC9900135,99,"$3,370.37 ",800,"3,200.00",zhelong198001@126.com
58,AC9900372,99,"$3,319.24 ",800,"3,200.00",317000@163.com
59,AC9900300,99,"$3,307.39 ",800,"3,200.00",yuan.yang8790@gmail.com
60,AC9900285,99,"$3,019.34 ",700,"2,800.00",lzsoo2013@outlook.com
61,AC9900286,99,"$3,019.34 ",700,"2,800.00",gyqiu0807@hotmail.com
62,AC9900287,99,"$3,019.34 ",700,"2,800.00",zgr1566732@hotmail.com
63,AC9900275,99,"$3,018.14 ",700,"2,800.00",sqma59@outlook.com
64,AC9900306,99,"$3,018.14 ",700,"2,800.00",jingyunzhu226@hotmail.com
65,AC9900325,99,"$3,013.34 ",700,"2,800.00",ljc96jiancheng@outlook.com
66,AC9900362,99,"$3,013.04 ",700,"2,800.00",sj8888an@outlook.com
67,AC9900374,99,"$3,013.04 ",700,"2,800.00",xiaoqian77773@hotmail.com
68,AC9900352,99,"$2,940.07 ",700,"2,800.00",carolyn_wu@foxmail.com
69,AC9900354,99,"$2,856.55 ",700,"2,800.00",547840900@qq.com
70,AC9900331,99,"$2,784.78 ",600,"2,400.00",dog5937@163.com
71,AC9900269,99,"$2,781.79 ",600,"2,400.00",apple7962@163.com
72,AC9900359,99,"$2,714.71 ",600,"2,400.00",yimazhou@126.com
73,AC9900394,99,"$2,613.32 ",600,"2,400.00",tommywang3e@gmail.com
74,AC9900149,99,"$2,310.11 ",500,"2,000.00",liuyudi0419@163.com
75,AC9900400,85,"$1,214,933.88 ","303,700","1,214,800.00",wandongliu@163.com
76,AC9900382,85,"$303,979.96 ","75,900","303,600.00",hxghongxiang@hotmail.com
77,AC9900384,85,"$303,948.33 ","75,900","303,600.00",nayilgnehz@hotmail.com
78,AC9900380,85,"$283,915.52 ","70,900","283,600.00",iewgnohnaug@outlook.com
79,AC9900379,85,"$283,900.50 ","70,900","283,600.00",lijirong501@outlook.com
80,AC9900378,85,"$122,538.71 ","30,600","122,400.00",368174489@qq.com
81,AC9900390,85,"$52,473.02 ","13,100","52,400.00",rymo@hotmail.com.hk
82,AC9900411,85,"$50,083.34 ","12,500","50,000.00",
83,AC9900387,85,"$50,018.52 ","12,500","50,000.00",tomweilun@gmail.com
84,AC9900182,85,"$32,023.49 ","8,000","32,000.00",xinrui0301.song@gmail.com
85,AC9900336,85,"$24,989.51 ","6,200","24,800.00",w030999@163.com
86,AC9900022,85,"$3,249.80 ",800,"3,200.00",edwardzg1201@gmail.com
87,AC9900385,85,"$3,013.34 ",700,"2,800.00",enmsy690@outlook.com
88,AC9900392,85,"$2,852.72 ",700,"2,800.00",donaldw1994@gmail.com
